index,url_length,domain_length,path_length,has_ip,subdomain_count,has_at,has_double_slash,special_chars,is_https,suspicious_tld,has_suspicious_words,is_phishing
56,26,19,0,0,0,0,0,5,0,1,0,1
793,23,10,5,0,0,0,0,5,0,0,0,0
455,25,18,0,0,0,0,0,5,0,1,1,1
102,33,26,0,1,3,1,0,8,0,0,0,1
638,19,11,0,0,0,0,0,4,1,0,0,0
541,34,17,8,0,0,0,0,5,1,0,0,0
280,23,9,6,1,0,0,0,5,0,0,0,1
849,24,11,4,0,0,0,0,5,1,0,0,0
197,26,19,0,0,0,0,0,5,0,1,1,1
463,33,26,0,0,2,0,0,6,0,0,1,1
730,21,13,0,0,0,0,0,4,1,0,0,0
780,25,12,4,0,0,0,0,5,1,0,0,0
932,28,11,8,0,0,0,0,5,1,0,0,0
729,18,10,0,0,0,0,0,4,1,0,0,0
674,18,10,0,0,0,0,0,4,1,0,0,0
744,25,9,7,0,0,0,0,5,1,0,0,0
427,26,12,6,1,2,0,0,7,0,0,1,1
748,30,13,8,0,0,0,0,5,1,0,0,0
978,25,12,4,0,0,0,0,5,1,0,0,0
223,24,10,6,1,0,0,0,5,0,0,1,1
473,26,19,0,0,0,0,0,5,0,1,1,1
583,23,10,4,0,0,0,0,5,1,0,0,0
622,23,10,4,0,0,0,0,5,1,0,0,0
83,24,10,6,1,0,0,0,5,0,0,1,1
517,20,12,0,0,0,0,0,4,1,0,0,0
124,24,10,6,1,0,0,0,5,0,0,0,1
156,30,23,0,0,2,0,0,6,0,0,1,1
528,23,10,4,0,0,0,0,5,1,0,0,0
564,27,13,5,0,0,0,0,5,1,0,0,0
13,27,12,7,1,0,0,0,5,0,0,1,1
992,25,9,7,0,0,0,0,5,1,0,0,0
221,36,29,0,1,3,1,0,8,0,0,0,1
832,29,13,7,0,0,0,0,5,1,0,0,0
647,20,12,0,0,0,0,0,4,1,0,0,0
298,31,24,0,0,2,0,0,6,0,0,1,1
512,26,10,7,0,0,0,0,5,1,0,0,0
491,23,16,0,0,0,0,0,5,0,1,1,1
948,24,10,5,0,0,0,0,5,1,0,0,0
740,29,13,7,0,0,0,0,5,1,0,0,0
317,34,27,0,1,3,1,0,8,0,0,0,1
837,27,10,8,0,0,0,0,5,1,0,0,0
982,30,13,8,0,0,0,0,5,1,0,0,0
391,31,24,0,0,2,0,0,6,0,0,1,1
526,30,13,8,0,0,0,0,5,1,0,0,0
481,25,18,0,0,0,0,0,5,0,1,0,1
584,25,13,4,0,0,0,0,5,0,0,0,0
510,26,13,4,0,0,0,0,5,1,0,0,0
887,26,10,7,0,0,0,0,5,1,0,0,0
308,28,13,7,1,2,0,0,7,0,0,1,1
586,27,10,8,0,0,0,0,5,1,0,0,0
243,26,13,5,1,2,0,0,7,0,0,0,1
575,26,10,8,0,0,0,0,5,0,0,0,0
632,22,9,5,0,0,0,0,5,0,0,0,0
310,21,14,0,0,0,0,0,5,0,1,0,1
628,27,10,8,0,0,0,0,5,1,0,0,0
695,33,17,7,0,0,0,0,5,1,0,0,0
160,22,9,5,1,0,0,0,5,0,0,0,1
543,30,13,8,0,0,0,0,5,1,0,0,0
895,21,13,0,0,0,0,0,4,1,0,0,0
694,28,11,8,0,0,0,0,5,1,0,0,0
97,36,29,0,1,3,1,0,8,0,0,0,1
21,24,17,0,0,0,0,0,5,0,1,0,1
161,37,30,0,1,3,1,0,8,0,0,0,1
597,28,11,8,0,0,0,0,5,1,0,0,0
232,35,28,0,1,3,1,0,8,0,0,0,1
501,21,9,4,0,0,0,0,5,0,0,0,0
975,26,13,4,0,0,0,0,5,1,0,0,0
142,36,29,0,1,3,1,0,8,0,0,0,1
666,28,11,8,0,0,0,0,5,1,0,0,0
696,23,10,4,0,0,0,0,5,1,0,0,0
256,28,14,6,1,2,0,0,7,0,0,1,1
482,28,15,5,1,2,0,0,7,0,0,0,1
137,28,14,6,1,2,0,0,7,0,0,0,1
792,27,10,8,0,0,0,0,5,1,0,0,0
288,29,15,6,1,2,0,0,7,0,0,1,1
100,30,15,7,1,2,0,0,7,0,0,1,1
472,30,23,0,0,2,0,0,6,0,0,0,1
333,34,27,0,1,3,1,0,8,0,0,0,1
592,24,11,4,0,0,0,0,5,1,0,0,0
307,26,19,0,0,0,0,0,5,0,1,1,1
4,35,28,0,1,3,1,0,8,0,0,0,1
257,23,16,0,0,0,0,0,5,0,1,0,1
267,28,13,7,1,2,0,0,7,0,0,1,1
828,26,10,8,0,0,0,0,5,0,0,0,0
121,23,16,0,0,0,0,0,5,0,1,1,1
862,25,12,4,0,0,0,0,5,1,0,0,0
241,28,14,6,1,2,0,0,7,0,0,1,1
588,24,11,4,0,0,0,0,5,1,0,0,0
874,30,13,8,0,0,0,0,5,1,0,0,0
611,23,10,4,0,0,0,0,5,1,0,0,0
369,26,19,0,0,0,0,0,5,0,1,1,1
262,23,16,0,0,0,0,0,5,0,1,1,1
502,27,10,8,0,0,0,0,5,1,0,0,0
572,23,9,5,0,0,0,0,5,1,0,0,0
995,20,12,0,0,0,0,0,4,1,0,0,0
554,27,10,8,0,0,0,0,5,1,0,0,0
200,37,30,0,1,3,1,0,8,0,0,0,1
936,30,13,8,0,0,0,0,5,1,0,0,0
633,27,13,5,0,0,0,0,5,1,0,0,0
939,17,9,0,0,0,0,0,4,1,0,0,0
533,18,10,0,0,0,0,0,4,1,0,0,0
885,26,10,7,0,0,0,0,5,1,0,0,0
386,30,23,0,0,2,0,0,6,0,0,1,1
476,29,14,7,1,2,0,0,7,0,0,1,1
315,31,24,0,0,2,0,0,6,0,0,1,1
361,24,10,6,1,0,0,0,5,0,0,0,1
703,26,12,5,0,0,0,0,5,1,0,0,0
819,26,13,4,0,0,0,0,5,1,0,0,0
565,23,10,4,0,0,0,0,5,1,0,0,0
461,35,28,0,1,3,1,0,8,0,0,0,1
769,19,11,0,0,0,0,0,4,1,0,0,0
10,26,19,0,0,0,0,0,5,0,1,1,1
857,23,10,4,0,0,0,0,5,1,0,0,0
997,23,11,4,0,0,0,0,5,0,0,0,0
419,26,12,6,1,2,0,0,7,0,0,0,1
151,33,26,0,0,2,0,0,6,0,0,1,1
381,25,18,0,0,0,0,0,5,0,1,0,1
568,25,11,5,0,0,0,0,5,1,0,0,0
706,29,13,7,0,0,0,0,5,1,0,0,0
323,34,27,0,1,3,1,0,8,0,0,0,1
87,25,12,5,1,0,0,0,5,0,0,0,1
439,27,13,6,1,2,0,0,7,0,0,0,1
721,29,13,7,0,0,0,0,5,1,0,0,0
276,29,15,6,1,2,0,0,7,0,0,1,1
436,23,16,0,0,0,0,0,5,0,1,1,1
601,31,17,5,0,0,0,0,5,1,0,0,0
123,37,30,0,1,3,1,0,8,0,0,0,1
370,27,13,6,1,0,0,0,5,0,0,1,1
803,29,12,8,0,0,0,0,5,1,0,0,0
20,31,24,0,0,2,0,0,6,0,0,1,1
996,26,12,5,0,0,0,0,5,1,0,0,0
645,27,13,5,0,0,0,0,5,1,0,0,0
847,30,17,4,0,0,0,0,5,1,0,0,0
300,26,19,0,0,0,0,0,5,0,1,0,1
273,27,13,6,1,2,0,0,7,0,0,1,1
865,23,11,4,0,0,0,0,5,0,0,0,0
527,25,9,7,0,0,0,0,5,1,0,0,0
68,32,25,0,0,2,0,0,6,0,0,1,1
410,24,10,6,1,0,0,0,5,0,0,0,1
559,24,11,4,0,0,0,0,5,1,0,0,0
107,33,26,0,0,2,0,0,6,0,0,1,1
155,25,18,0,0,0,0,0,5,0,1,1,1
305,34,27,0,1,3,1,0,8,0,0,0,1
608,29,12,8,0,0,0,0,5,1,0,0,0
735,23,10,4,0,0,0,0,5,1,0,0,0
842,27,11,7,0,0,0,0,5,1,0,0,0
614,22,9,4,0,0,0,0,5,1,0,0,0
154,27,13,6,1,0,0,0,5,0,0,1,1
325,26,12,6,1,0,0,0,5,0,0,1,1
658,33,17,7,0,0,0,0,5,1,0,0,0
166,27,13,6,1,2,0,0,7,0,0,1,1
519,23,10,4,0,0,0,0,5,1,0,0,0
582,27,10,8,0,0,0,0,5,1,0,0,0
240,26,13,5,1,2,0,0,7,0,0,0,1
772,25,12,5,0,0,0,0,5,0,0,0,0
771,26,10,7,0,0,0,0,5,1,0,0,0
524,27,10,8,0,0,0,0,5,1,0,0,0
974,30,13,8,0,0,0,0,5,1,0,0,0
493,27,13,6,1,0,0,0,5,0,0,1,1
324,22,15,0,0,0,0,0,5,0,1,0,1
683,25,11,5,0,0,0,0,5,1,0,0,0
714,26,12,5,0,0,0,0,5,1,0,0,0
909,26,9,8,0,0,0,0,5,1,0,0,0
616,24,10,5,0,0,0,0,5,1,0,0,0
869,26,13,4,0,0,0,0,5,1,0,0,0
418,29,15,6,1,2,0,0,7,0,0,1,1
648,21,13,0,0,0,0,0,4,1,0,0,0
897,26,10,7,0,0,0,0,5,1,0,0,0
416,23,16,0,0,0,0,0,5,0,1,1,1
25,24,17,0,0,0,0,0,5,0,1,1,1
809,26,13,4,0,0,0,0,5,1,0,0,0
843,30,13,8,0,0,0,0,5,1,0,0,0
210,27,12,7,1,0,0,0,5,0,0,1,1
392,36,29,0,1,3,1,0,8,0,0,0,1
259,29,15,6,1,2,0,0,7,0,0,1,1
549,23,10,5,0,0,0,0,5,0,0,0,0
153,24,10,6,1,0,0,0,5,0,0,1,1
720,27,11,7,0,0,0,0,5,1,0,0,0
134,26,19,0,0,0,0,0,5,0,1,1,1
263,29,15,6,1,2,0,0,7,0,0,1,1
489,25,10,7,1,0,0,0,5,0,0,1,1
453,24,10,6,1,0,0,0,5,0,0,0,1
112,37,30,0,1,3,1,0,8,0,0,0,1
141,27,13,6,1,2,0,0,7,0,0,1,1
229,27,13,6,1,0,0,0,5,0,0,1,1
34,34,27,0,1,3,1,0,8,0,0,0,1
172,32,25,0,0,2,0,0,6,0,0,1,1
954,27,10,8,0,0,0,0,5,1,0,0,0
57,29,14,7,1,2,0,0,7,0,0,1,1
114,24,10,6,1,0,0,0,5,0,0,1,1
898,18,10,0,0,0,0,0,4,1,0,0,0
595,25,12,4,0,0,0,0,5,1,0,0,0
827,26,10,7,0,0,0,0,5,1,0,0,0
612,28,12,7,0,0,0,0,5,1,0,0,0
115,26,12,6,1,2,0,0,7,0,0,1,1
537,20,12,0,0,0,0,0,4,1,0,0,0
291,35,28,0,1,3,1,0,8,0,0,0,1
838,26,13,4,0,0,0,0,5,1,0,0,0
959,30,13,8,0,0,0,0,5,1,0,0,0
26,30,23,0,0,2,0,0,6,0,0,1,1
90,30,23,0,0,2,0,0,6,0,0,1,1
174,34,27,0,1,3,1,0,8,0,0,0,1
415,25,10,7,1,0,0,0,5,0,0,1,1
796,23,10,4,0,0,0,0,5,1,0,0,0
585,28,12,8,0,0,0,0,5,0,0,0,0
163,23,16,0,0,0,0,0,5,0,1,1,1
781,24,10,5,0,0,0,0,5,1,0,0,0
550,25,12,4,0,0,0,0,5,1,0,0,0
725,18,11,0,0,0,0,0,4,0,0,0,0
342,25,10,7,1,0,0,0,5,0,0,1,1
173,22,15,0,0,0,0,0,5,0,1,0,1
19,27,13,6,1,2,0,0,7,0,0,0,1
511,27,11,8,0,0,0,0,5,0,0,0,0
344,35,28,0,1,3,1,0,8,0,0,0,1
279,22,15,0,0,0,0,0,5,0,1,0,1
764,22,9,4,0,0,0,0,5,1,0,0,0
872,29,12,8,0,0,0,0,5,1,0,0,0
963,27,10,8,0,0,0,0,5,1,0,0,0
440,25,10,7,1,0,0,0,5,0,0,1,1
590,28,11,8,0,0,0,0,5,1,0,0,0
474,22,9,5,1,0,0,0,5,0,0,0,1
767,26,9,8,0,0,0,0,5,1,0,0,0
464,34,27,0,0,2,0,0,6,0,0,1,1
51,30,15,7,1,2,0,0,7,0,0,1,1
384,32,25,0,0,2,0,0,6,0,0,1,1
907,21,9,4,0,0,0,0,5,0,0,0,0
250,23,10,5,1,0,0,0,5,0,0,0,1
763,22,9,5,0,0,0,0,5,0,0,0,0
753,24,11,4,0,0,0,0,5,1,0,0,0
143,24,10,6,1,0,0,0,5,0,0,0,1
934,27,10,8,0,0,0,0,5,1,0,0,0
983,29,13,7,0,0,0,0,5,1,0,0,0
260,28,14,6,1,2,0,0,7,0,0,1,1
43,36,29,0,1,3,1,0,8,0,0,0,1
629,23,10,4,0,0,0,0,5,1,0,0,0
578,27,10,8,0,0,0,0,5,1,0,0,0
498,36,29,0,1,3,1,0,8,0,0,0,1
851,18,11,0,0,0,0,0,4,0,0,0,0
403,30,23,0,0,2,0,0,6,0,0,1,1
858,30,13,8,0,0,0,0,5,1,0,0,0
9,23,16,0,0,0,0,0,5,0,1,1,1
775,23,10,4,0,0,0,0,5,1,0,0,0
859,24,11,4,0,0,0,0,5,1,0,0,0
89,27,13,6,1,0,0,0,5,0,0,1,1
593,25,11,5,0,0,0,0,5,1,0,0,0
352,29,14,7,1,2,0,0,7,0,0,1,1
830,28,12,8,0,0,0,0,5,0,0,0,0
450,24,10,6,1,0,0,0,5,0,0,1,1
326,33,26,0,1,3,1,0,8,0,0,0,1
165,26,12,6,1,0,0,0,5,0,0,1,1
925,23,10,4,0,0,0,0,5,1,0,0,0
186,32,25,0,0,2,0,0,6,0,0,0,1
873,24,10,5,0,0,0,0,5,1,0,0,0
765,26,12,5,0,0,0,0,5,1,0,0,0
756,26,10,8,0,0,0,0,5,0,0,0,0
7,34,27,0,0,2,0,0,6,0,0,1,1
856,29,17,4,0,0,0,0,5,0,0,0,0
93,34,27,0,1,3,1,0,8,0,0,0,1
514,26,13,4,0,0,0,0,5,1,0,0,0
67,27,13,6,1,2,0,0,7,0,0,1,1
215,23,16,0,0,0,0,0,5,0,1,1,1
389,28,13,7,1,2,0,0,7,0,0,1,1
536,21,13,0,0,0,0,0,4,1,0,0,0
139,35,28,0,1,3,1,0,8,0,0,0,1
563,27,11,7,0,0,0,0,5,1,0,0,0
1,25,10,7,1,0,0,0,5,0,0,1,1
253,29,14,7,1,2,0,0,7,0,0,1,1
274,37,30,0,1,3,1,0,8,0,0,0,1
199,28,13,7,1,0,0,0,5,0,0,1,1
964,33,17,7,0,0,0,0,5,1,0,0,0
319,30,23,0,0,2,0,0,6,0,0,1,1
640,23,10,4,0,0,0,0,5,1,0,0,0
606,27,10,8,0,0,0,0,5,1,0,0,0
366,26,13,5,1,0,0,0,5,0,0,0,1
136,28,14,6,1,2,0,0,7,0,0,1,1
552,28,11,8,0,0,0,0,5,1,0,0,0
815,22,9,4,0,0,0,0,5,1,0,0,0
676,23,10,4,0,0,0,0,5,1,0,0,0
281,32,25,0,0,2,0,0,6,0,0,1,1
741,23,10,4,0,0,0,0,5,1,0,0,0
499,33,26,0,0,2,0,0,6,0,0,1,1
513,17,9,0,0,0,0,0,4,1,0,0,0
790,27,13,5,0,0,0,0,5,1,0,0,0
258,23,16,0,0,0,0,0,5,0,1,1,1
958,18,10,0,0,0,0,0,4,1,0,0,0
508,27,13,5,0,0,0,0,5,1,0,0,0
116,35,28,0,1,3,1,0,8,0,0,0,1
710,27,11,7,0,0,0,0,5,1,0,0,0
607,25,12,4,0,0,0,0,5,1,0,0,0
866,26,13,4,0,0,0,0,5,1,0,0,0
596,21,13,0,0,0,0,0,4,1,0,0,0
497,31,24,0,0,2,0,0,6,0,0,1,1
785,27,13,5,0,0,0,0,5,1,0,0,0
393,27,14,5,1,2,0,0,7,0,0,0,1
684,27,10,8,0,0,0,0,5,1,0,0,0
912,24,11,4,0,0,0,0,5,1,0,0,0
283,35,28,0,1,3,1,0,8,0,0,0,1
297,34,27,0,0,2,0,0,6,0,0,1,1
894,23,11,4,0,0,0,0,5,0,0,0,0
73,30,23,0,0,2,0,0,6,0,0,1,1
379,31,24,0,0,2,0,0,6,0,0,1,1
271,31,24,0,0,2,0,0,6,0,0,1,1
988,28,11,8,0,0,0,0,5,1,0,0,0
818,23,10,4,0,0,0,0,5,1,0,0,0
247,28,14,6,1,2,0,0,7,0,0,1,1
446,35,28,0,1,3,1,0,8,0,0,0,1
574,30,17,4,0,0,0,0,5,1,0,0,0
385,37,30,0,1,3,1,0,8,0,0,0,1
282,26,19,0,0,0,0,0,5,0,1,1,1
985,30,17,4,0,0,0,0,5,1,0,0,0
520,27,10,8,0,0,0,0,5,1,0,0,0
903,26,12,5,0,0,0,0,5,1,0,0,0
738,24,10,5,0,0,0,0,5,1,0,0,0
78,34,27,0,0,2,0,0,6,0,0,1,1
991,26,13,4,0,0,0,0,5,1,0,0,0
653,29,12,8,0,0,0,0,5,1,0,0,0
581,27,10,8,0,0,0,0,5,1,0,0,0
503,26,13,4,0,0,0,0,5,1,0,0,0
96,31,24,0,0,2,0,0,6,0,0,1,1
794,25,9,7,0,0,0,0,5,1,0,0,0
218,34,27,0,1,3,1,0,8,0,0,0,1
30,29,14,7,1,2,0,0,7,0,0,1,1
207,35,28,0,1,3,1,0,8,0,0,0,1
623,25,10,7,0,0,0,0,5,0,0,0,0
23,30,23,0,0,2,0,0,6,0,0,1,1
212,27,13,6,1,2,0,0,7,0,0,1,1
972,18,10,0,0,0,0,0,4,1,0,0,0
375,28,14,6,1,2,0,0,7,0,0,0,1
196,28,14,6,1,2,0,0,7,0,0,1,1
659,25,17,0,0,0,0,0,4,1,0,0,0
45,25,18,0,0,0,0,0,5,0,1,1,1
717,19,12,0,0,0,0,0,4,0,0,0,0
459,24,10,6,1,0,0,0,5,0,0,1,1
952,28,12,7,0,0,0,0,5,1,0,0,0
133,23,10,5,1,0,0,0,5,0,0,0,1
478,36,29,0,1,3,1,0,8,0,0,0,1
571,26,9,8,0,0,0,0,5,1,0,0,0
265,27,13,6,1,2,0,0,7,0,0,1,1
984,23,10,4,0,0,0,0,5,1,0,0,0
50,36,29,0,1,3,1,0,8,0,0,0,1
125,27,12,7,1,2,0,0,7,0,0,1,1
553,29,12,8,0,0,0,0,5,1,0,0,0
80,24,10,6,1,0,0,0,5,0,0,1,1
680,27,10,8,0,0,0,0,5,1,0,0,0
515,23,9,5,0,0,0,0,5,1,0,0,0
468,29,22,0,0,2,0,0,6,0,0,1,1
692,23,10,4,0,0,0,0,5,1,0,0,0
917,23,11,4,0,0,0,0,5,0,0,0,0
340,26,12,6,1,0,0,0,5,0,0,1,1
234,24,10,6,1,0,0,0,5,0,0,0,1
266,26,12,6,1,2,0,0,7,0,0,1,1
779,27,11,7,0,0,0,0,5,1,0,0,0
430,24,9,7,1,0,0,0,5,0,0,1,1
374,23,16,0,0,0,0,0,5,0,1,1,1
928,25,9,7,0,0,0,0,5,1,0,0,0
27,26,12,6,1,0,0,0,5,0,0,1,1
192,30,23,0,0,2,0,0,6,0,0,1,1
246,37,30,0,1,3,1,0,8,0,0,0,1
826,25,12,4,0,0,0,0,5,1,0,0,0
746,25,11,5,0,0,0,0,5,1,0,0,0
681,29,12,8,0,0,0,0,5,1,0,0,0
967,22,9,4,0,0,0,0,5,1,0,0,0
594,21,13,0,0,0,0,0,4,1,0,0,0
35,30,23,0,0,2,0,0,6,0,0,1,1
289,27,13,6,1,0,0,0,5,0,0,1,1
630,22,9,4,0,0,0,0,5,1,0,0,0
970,23,10,4,0,0,0,0,5,1,0,0,0
388,28,13,7,1,0,0,0,5,0,0,1,1
120,23,10,5,1,0,0,0,5,0,0,0,1
11,27,13,6,1,2,0,0,7,0,0,1,1
864,24,11,4,0,0,0,0,5,1,0,0,0
337,23,10,5,1,0,0,0,5,0,0,0,1
345,34,27,0,1,3,1,0,8,0,0,0,1
202,24,10,6,1,0,0,0,5,0,0,0,1
322,35,28,0,1,3,1,0,8,0,0,0,1
731,29,12,8,0,0,0,0,5,1,0,0,0
884,27,10,8,0,0,0,0,5,1,0,0,0
600,22,9,4,0,0,0,0,5,1,0,0,0
931,30,13,8,0,0,0,0,5,1,0,0,0
920,23,10,4,0,0,0,0,5,1,0,0,0
334,35,28,0,1,3,1,0,8,0,0,0,1
171,26,12,6,1,0,0,0,5,0,0,1,1
82,32,25,0,0,2,0,0,6,0,0,1,1
742,23,9,5,0,0,0,0,5,1,0,0,0
610,27,10,8,0,0,0,0,5,1,0,0,0
845,28,11,8,0,0,0,0,5,1,0,0,0
919,25,13,4,0,0,0,0,5,0,0,0,0
544,27,10,8,0,0,0,0,5,1,0,0,0
957,28,12,7,0,0,0,0,5,1,0,0,0
441,28,14,6,1,2,0,0,7,0,0,1,1
390,27,13,6,1,0,0,0,5,0,0,0,1
893,26,9,8,0,0,0,0,5,1,0,0,0
395,23,16,0,0,0,0,0,5,0,1,0,1
363,37,30,0,1,3,1,0,8,0,0,0,1
164,24,10,6,1,0,0,0,5,0,0,0,1
643,29,12,8,0,0,0,0,5,1,0,0,0
294,31,24,0,0,2,0,0,6,0,0,1,1
306,28,14,6,1,2,0,0,7,0,0,1,1
754,28,12,8,0,0,0,0,5,0,0,0,0
149,23,16,0,0,0,0,0,5,0,1,0,1
357,35,28,0,1,3,1,0,8,0,0,0,1
926,21,13,0,0,0,0,0,4,1,0,0,0
442,27,14,5,1,2,0,0,7,0,0,0,1
821,24,12,4,0,0,0,0,5,0,0,0,0
117,23,9,6,1,0,0,0,5,0,0,1,1
935,30,17,4,0,0,0,0,5,1,0,0,0
465,31,24,0,0,2,0,0,6,0,0,1,1
214,23,16,0,0,0,0,0,5,0,1,1,1
989,26,10,8,0,0,0,0,5,0,0,0,0
788,25,11,5,0,0,0,0,5,1,0,0,0
76,35,28,0,1,3,1,0,8,0,0,0,1
757,27,10,8,0,0,0,0,5,1,0,0,0
88,33,26,0,0,2,0,0,6,0,0,1,1
698,23,10,4,0,0,0,0,5,1,0,0,0
955,23,10,4,0,0,0,0,5,1,0,0,0
405,26,19,0,0,0,0,0,5,0,1,1,1
359,23,16,0,0,0,0,0,5,0,1,1,1
580,24,11,4,0,0,0,0,5,1,0,0,0
304,27,20,0,0,0,0,0,5,0,1,1,1
420,28,13,7,1,2,0,0,7,0,0,1,1
32,28,13,7,1,2,0,0,7,0,0,1,1
672,26,13,4,0,0,0,0,5,1,0,0,0
483,26,19,0,0,0,0,0,5,0,1,1,1
452,33,26,0,0,2,0,0,6,0,0,1,1
467,37,30,0,1,3,1,0,8,0,0,0,1
875,25,9,7,0,0,0,0,5,1,0,0,0
558,20,12,0,0,0,0,0,4,1,0,0,0
311,24,17,0,0,0,0,0,5,0,1,1,1
178,23,16,0,0,0,0,0,5,0,1,1,1
545,23,10,4,0,0,0,0,5,1,0,0,0
346,26,13,5,1,2,0,0,7,0,0,0,1
86,24,10,6,1,0,0,0,5,0,0,1,1
447,23,16,0,0,0,0,0,5,0,1,1,1
119,34,27,0,1,3,1,0,8,0,0,0,1
406,34,27,0,1,3,1,0,8,0,0,0,1
900,26,10,7,0,0,0,0,5,1,0,0,0
905,25,17,0,0,0,0,0,4,1,0,0,0
162,24,10,6,1,0,0,0,5,0,0,0,1
382,23,16,0,0,0,0,0,5,0,1,1,1
292,31,24,0,0,2,0,0,6,0,0,1,1
534,29,13,7,0,0,0,0,5,1,0,0,0
505,26,12,5,0,0,0,0,5,1,0,0,0
908,30,13,8,0,0,0,0,5,1,0,0,0
206,28,13,7,1,0,0,0,5,0,0,1,1
812,26,10,7,0,0,0,0,5,1,0,0,0
350,24,17,0,0,0,0,0,5,0,1,1,1
39,32,25,0,0,2,0,0,6,0,0,1,1
739,27,10,8,0,0,0,0,5,1,0,0,0
966,27,10,8,0,0,0,0,5,1,0,0,0
708,27,10,8,0,0,0,0,5,1,0,0,0
728,28,12,7,0,0,0,0,5,1,0,0,0
569,23,10,4,0,0,0,0,5,1,0,0,0
522,27,13,5,0,0,0,0,5,1,0,0,0
237,26,19,0,0,0,0,0,5,0,1,1,1
485,36,29,0,1,3,1,0,8,0,0,0,1
947,25,9,7,0,0,0,0,5,1,0,0,0
211,29,15,6,1,2,0,0,7,0,0,0,1
62,26,19,0,0,0,0,0,5,0,1,1,1
649,26,9,8,0,0,0,0,5,1,0,0,0
986,24,10,5,0,0,0,0,5,1,0,0,0
899,27,10,8,0,0,0,0,5,1,0,0,0
664,26,10,7,0,0,0,0,5,1,0,0,0
251,25,10,7,1,0,0,0,5,0,0,1,1
646,17,9,0,0,0,0,0,4,1,0,0,0
758,27,10,8,0,0,0,0,5,1,0,0,0
66,27,13,6,1,0,0,0,5,0,0,1,1
355,24,17,0,0,0,0,0,5,0,1,1,1
716,25,11,5,0,0,0,0,5,1,0,0,0
950,23,10,4,0,0,0,0,5,1,0,0,0
321,26,12,6,1,0,0,0,5,0,0,1,1
70,23,16,0,0,0,0,0,5,0,1,1,1
998,27,10,8,0,0,0,0,5,1,0,0,0
255,25,10,7,1,0,0,0,5,0,0,1,1
268,29,14,7,1,2,0,0,7,0,0,1,1
529,25,11,5,0,0,0,0,5,1,0,0,0
378,22,15,0,0,0,0,0,5,0,1,1,1
42,24,17,0,0,0,0,0,5,0,1,1,1
92,23,16,0,0,0,0,0,5,0,1,1,1
209,26,19,0,0,0,0,0,5,0,1,1,1
170,23,9,6,1,0,0,0,5,0,0,1,1
438,34,27,0,0,2,0,0,6,0,0,1,1
36,22,15,0,0,0,0,0,5,0,1,0,1
976,26,10,7,0,0,0,0,5,1,0,0,0
235,21,14,0,0,0,0,0,5,0,1,0,1
434,28,13,7,1,2,0,0,7,0,0,1,1
185,28,14,6,1,2,0,0,7,0,0,1,1
693,27,10,8,0,0,0,0,5,1,0,0,0
296,23,16,0,0,0,0,0,5,0,1,1,1
918,26,13,4,0,0,0,0,5,1,0,0,0
761,22,10,4,0,0,0,0,5,0,0,0,0
848,30,13,8,0,0,0,0,5,1,0,0,0
791,23,10,4,0,0,0,0,5,1,0,0,0
532,25,9,8,0,0,0,0,5,0,0,0,0
435,36,29,0,1,3,1,0,8,0,0,0,1
509,18,10,0,0,0,0,0,4,1,0,0,0
458,36,29,0,1,3,1,0,8,0,0,0,1
655,24,11,4,0,0,0,0,5,1,0,0,0
72,34,27,0,1,3,1,0,8,0,0,0,1
525,26,13,4,0,0,0,0,5,1,0,0,0
85,24,11,5,1,2,0,0,7,0,0,0,1
454,30,23,0,0,2,0,0,6,0,0,1,1
377,27,13,6,1,2,0,0,7,0,0,0,1
329,28,14,6,1,2,0,0,7,0,0,1,1
652,28,12,7,0,0,0,0,5,1,0,0,0
901,18,10,0,0,0,0,0,4,1,0,0,0
132,26,12,6,1,2,0,0,7,0,0,1,1
356,36,29,0,1,3,1,0,8,0,0,0,1
191,36,29,0,1,3,1,0,8,0,0,0,1
449,28,13,7,1,2,0,0,7,0,0,1,1
883,24,10,5,0,0,0,0,5,1,0,0,0
650,27,11,7,0,0,0,0,5,1,0,0,0
636,29,13,7,0,0,0,0,5,1,0,0,0
870,23,10,5,0,0,0,0,5,0,0,0,0
852,30,13,8,0,0,0,0,5,1,0,0,0
184,35,28,0,1,3,1,0,8,0,0,0,1
670,18,10,0,0,0,0,0,4,1,0,0,0
189,26,19,0,0,0,0,0,5,0,1,1,1
824,25,9,7,0,0,0,0,5,1,0,0,0
245,34,27,0,0,2,0,0,6,0,0,1,1
231,37,30,0,1,3,1,0,8,0,0,0,1
751,27,10,8,0,0,0,0,5,1,0,0,0
84,32,25,0,0,2,0,0,6,0,0,1,1
990,29,12,8,0,0,0,0,5,1,0,0,0
205,25,10,7,1,0,0,0,5,0,0,1,1
53,24,17,0,0,0,0,0,5,0,1,1,1
140,32,25,0,0,2,0,0,6,0,0,1,1
944,26,9,8,0,0,0,0,5,1,0,0,0
795,27,10,8,0,0,0,0,5,1,0,0,0
940,22,9,4,0,0,0,0,5,1,0,0,0
542,21,13,0,0,0,0,0,4,1,0,0,0
203,36,29,0,1,3,1,0,8,0,0,0,1
604,27,10,8,0,0,0,0,5,1,0,0,0
179,25,18,0,0,0,0,0,5,0,1,0,1
846,24,12,4,0,0,0,0,5,0,0,0,0
994,23,11,4,0,0,0,0,5,0,0,0,0
236,27,13,6,1,2,0,0,7,0,0,1,1
367,31,24,0,0,2,0,0,6,0,0,1,1
953,26,11,7,0,0,0,0,5,0,0,0,0
820,27,10,8,0,0,0,0,5,1,0,0,0
383,36,29,0,1,3,1,0,8,0,0,0,1
916,21,13,0,0,0,0,0,4,1,0,0,0
60,26,12,6,1,0,0,0,5,0,0,1,1
609,28,12,7,0,0,0,0,5,1,0,0,0
303,29,14,7,1,2,0,0,7,0,0,1,1
316,25,10,7,1,0,0,0,5,0,0,1,1
786,26,9,8,0,0,0,0,5,1,0,0,0
225,26,12,6,1,2,0,0,7,0,0,1,1
734,22,9,4,0,0,0,0,5,1,0,0,0
949,23,10,4,0,0,0,0,5,1,0,0,0
651,27,12,7,0,0,0,0,5,0,0,0,0
500,25,11,5,0,0,0,0,5,1,0,0,0
841,23,10,4,0,0,0,0,5,1,0,0,0
396,29,15,6,1,2,0,0,7,0,0,0,1
656,33,17,7,0,0,0,0,5,1,0,0,0
24,30,23,0,0,2,0,0,6,0,0,1,1
867,26,13,4,0,0,0,0,5,1,0,0,0
65,31,24,0,0,2,0,0,6,0,0,0,1
18,28,13,7,1,0,0,0,5,0,0,1,1
409,35,28,0,0,2,0,0,6,0,0,1,1
29,37,30,0,1,3,1,0,8,0,0,0,1
484,33,26,0,0,2,0,0,6,0,0,1,1
882,23,10,4,0,0,0,0,5,1,0,0,0
871,29,13,7,0,0,0,0,5,1,0,0,0
312,29,15,6,1,2,0,0,7,0,0,0,1
941,27,13,5,0,0,0,0,5,1,0,0,0
358,30,23,0,0,2,0,0,6,0,0,0,1
103,33,26,0,0,2,0,0,6,0,0,1,1
831,24,11,4,0,0,0,0,5,1,0,0,0
126,28,13,7,1,2,0,0,7,0,0,1,1
736,22,10,4,0,0,0,0,5,0,0,0,0
702,17,9,0,0,0,0,0,4,1,0,0,0
194,23,10,5,1,0,0,0,5,0,0,0,1
801,34,17,8,0,0,0,0,5,1,0,0,0
943,34,17,8,0,0,0,0,5,1,0,0,0
128,32,25,0,0,2,0,0,6,0,0,1,1
673,26,10,7,0,0,0,0,5,1,0,0,0
822,27,13,5,0,0,0,0,5,1,0,0,0
768,22,10,4,0,0,0,0,5,0,0,0,0
762,25,11,5,0,0,0,0,5,1,0,0,0
44,37,30,0,1,3,1,0,8,0,0,0,1
49,23,10,5,1,0,0,0,5,0,0,0,1
570,21,13,0,0,0,0,0,4,1,0,0,0
188,33,26,0,1,3,1,0,8,0,0,0,1
148,31,24,0,0,2,0,0,6,0,0,1,1
249,35,28,0,1,3,1,0,8,0,0,0,1
113,27,13,6,1,2,0,0,7,0,0,1,1
213,23,9,6,1,0,0,0,5,0,0,0,1
144,30,23,0,0,2,0,0,6,0,0,1,1
469,36,29,0,0,2,0,0,6,0,0,1,1
799,21,9,4,0,0,0,0,5,0,0,0,0
705,26,12,5,0,0,0,0,5,1,0,0,0
190,23,16,0,0,0,0,0,5,0,1,1,1
176,27,20,0,0,0,0,0,5,0,1,1,1
688,29,17,4,0,0,0,0,5,0,0,0,0
800,25,17,0,0,0,0,0,4,1,0,0,0
475,25,10,7,1,0,0,0,5,0,0,1,1
712,17,10,0,0,0,0,0,4,0,0,0,0
660,26,10,7,0,0,0,0,5,1,0,0,0
295,26,13,5,1,2,0,0,7,0,0,0,1
460,24,17,0,0,0,0,0,5,0,1,1,1
335,35,28,0,0,2,0,0,6,0,0,1,1
662,24,10,5,0,0,0,0,5,1,0,0,0
805,28,12,8,0,0,0,0,5,0,0,0,0
547,27,11,7,0,0,0,0,5,1,0,0,0
689,23,9,5,0,0,0,0,5,1,0,0,0
364,27,13,6,1,2,0,0,7,0,0,1,1
272,23,16,0,0,0,0,0,5,0,1,1,1
401,35,28,0,1,3,1,0,8,0,0,0,1
810,24,11,4,0,0,0,0,5,1,0,0,0
54,35,28,0,1,3,1,0,8,0,0,0,1
969,25,12,4,0,0,0,0,5,1,0,0,0
840,23,10,4,0,0,0,0,5,1,0,0,0
892,18,10,0,0,0,0,0,4,1,0,0,0
354,36,29,0,1,3,1,0,8,0,0,0,1
347,23,16,0,0,0,0,0,5,0,1,0,1
641,28,11,8,0,0,0,0,5,1,0,0,0
635,26,9,8,0,0,0,0,5,1,0,0,0
99,37,30,0,1,3,1,0,8,0,0,0,1
835,23,9,5,0,0,0,0,5,1,0,0,0
252,24,9,7,1,0,0,0,5,0,0,1,1
829,29,12,8,0,0,0,0,5,1,0,0,0
278,24,10,6,1,0,0,0,5,0,0,1,1
339,27,14,5,1,2,0,0,7,0,0,0,1
14,27,13,6,1,2,0,0,7,0,0,1,1
362,23,16,0,0,0,0,0,5,0,1,1,1
823,26,10,7,0,0,0,0,5,1,0,0,0
535,24,11,4,0,0,0,0,5,1,0,0,0
220,29,15,6,1,2,0,0,7,0,0,0,1
28,32,25,0,0,2,0,0,6,0,0,1,1
48,30,15,7,1,2,0,0,7,0,0,1,1
64,36,29,0,1,3,1,0,8,0,0,0,1
777,26,13,4,0,0,0,0,5,1,0,0,0
747,23,10,4,0,0,0,0,5,1,0,0,0
12,33,26,0,0,2,0,0,6,0,0,0,1
38,36,29,0,1,3,1,0,8,0,0,0,1
360,35,28,0,1,3,1,0,8,0,0,0,1
244,24,17,0,0,0,0,0,5,0,1,1,1
687,23,10,5,0,0,0,0,5,0,0,0,0
802,27,11,7,0,0,0,0,5,1,0,0,0
888,17,9,0,0,0,0,0,4,1,0,0,0
839,27,10,8,0,0,0,0,5,1,0,0,0
490,23,10,5,1,0,0,0,5,0,0,0,1
783,22,9,4,0,0,0,0,5,1,0,0,0
433,23,16,0,0,0,0,0,5,0,1,1,1
0,35,28,0,1,3,1,0,8,0,0,0,1
902,28,11,8,0,0,0,0,5,1,0,0,0
657,21,13,0,0,0,0,0,4,1,0,0,0
397,31,24,0,0,2,0,0,6,0,0,1,1
239,29,14,7,1,2,0,0,7,0,0,1,1
677,29,12,8,0,0,0,0,5,1,0,0,0
679,24,11,4,0,0,0,0,5,1,0,0,0
285,25,18,0,0,0,0,0,5,0,1,0,1
496,37,30,0,1,3,1,0,8,0,0,0,1
426,25,10,7,1,0,0,0,5,0,0,1,1
183,28,15,5,1,2,0,0,7,0,0,0,1
318,27,12,7,1,0,0,0,5,0,0,1,1
422,24,17,0,0,0,0,0,5,0,1,1,1
732,27,11,7,0,0,0,0,5,1,0,0,0
825,27,10,8,0,0,0,0,5,1,0,0,0
61,27,13,6,1,2,0,0,7,0,0,1,1
351,37,30,0,1,3,1,0,8,0,0,0,1
431,36,29,0,1,3,1,0,8,0,0,0,1
480,35,28,0,1,3,1,0,8,0,0,0,1
850,27,10,8,0,0,0,0,5,1,0,0,0
228,36,29,0,1,3,1,0,8,0,0,0,1
719,26,13,4,0,0,0,0,5,1,0,0,0
971,25,9,7,0,0,0,0,5,1,0,0,0
254,23,9,6,1,0,0,0,5,0,0,1,1
46,35,28,0,1,3,1,0,8,0,0,0,1
95,33,26,0,0,2,0,0,6,0,0,1,1
910,24,11,4,0,0,0,0,5,1,0,0,0
320,28,13,7,1,0,0,0,5,0,0,1,1
749,23,10,4,0,0,0,0,5,1,0,0,0
349,27,13,6,1,2,0,0,7,0,0,1,1
709,30,13,8,0,0,0,0,5,1,0,0,0
75,25,18,0,0,0,0,0,5,0,1,0,1
923,29,12,8,0,0,0,0,5,1,0,0,0
147,32,25,0,0,2,0,0,6,0,0,1,1
576,28,11,8,0,0,0,0,5,1,0,0,0
277,36,29,0,1,3,1,0,8,0,0,0,1
331,36,29,0,1,3,1,0,8,0,0,0,1
58,23,16,0,0,0,0,0,5,0,1,1,1
639,23,10,5,0,0,0,0,5,0,0,0,0
618,30,13,8,0,0,0,0,5,1,0,0,0
760,26,9,8,0,0,0,0,5,1,0,0,0
301,31,24,0,0,2,0,0,6,0,0,0,1
678,30,13,8,0,0,0,0,5,1,0,0,0
504,21,13,0,0,0,0,0,4,1,0,0,0
110,29,14,7,1,2,0,0,7,0,0,1,1
752,30,13,8,0,0,0,0,5,1,0,0,0
942,24,11,4,0,0,0,0,5,1,0,0,0
968,26,13,4,0,0,0,0,5,1,0,0,0
540,25,12,4,0,0,0,0,5,1,0,0,0
421,32,25,0,0,2,0,0,6,0,0,1,1
373,22,15,0,0,0,0,0,5,0,1,1,1
927,30,13,8,0,0,0,0,5,1,0,0,0
77,24,10,6,1,0,0,0,5,0,0,1,1
724,19,11,0,0,0,0,0,4,1,0,0,0
896,29,12,8,0,0,0,0,5,1,0,0,0
626,26,12,5,0,0,0,0,5,1,0,0,0
69,29,15,6,1,2,0,0,7,0,0,1,1
94,22,15,0,0,0,0,0,5,0,1,0,1
233,33,26,0,0,2,0,0,6,0,0,1,1
814,18,10,0,0,0,0,0,4,1,0,0,0
727,25,12,4,0,0,0,0,5,1,0,0,0
8,23,16,0,0,0,0,0,5,0,1,1,1
108,24,10,6,1,0,0,0,5,0,0,0,1
152,27,20,0,0,0,0,0,5,0,1,1,1
797,24,10,5,0,0,0,0,5,1,0,0,0
52,29,22,0,0,2,0,0,6,0,0,1,1
429,31,24,0,0,2,0,0,6,0,0,1,1
675,29,12,8,0,0,0,0,5,1,0,0,0
854,23,10,4,0,0,0,0,5,1,0,0,0
487,30,23,0,0,2,0,0,6,0,0,1,1
603,22,9,5,0,0,0,0,5,0,0,0,0
127,27,12,7,1,0,0,0,5,0,0,1,1
591,26,13,4,0,0,0,0,5,1,0,0,0
5,31,24,0,0,2,0,0,6,0,0,1,1
201,36,29,0,0,2,0,0,6,0,0,1,1
665,27,10,8,0,0,0,0,5,1,0,0,0
965,25,12,4,0,0,0,0,5,1,0,0,0
109,25,18,0,0,0,0,0,5,0,1,1,1
613,25,11,5,0,0,0,0,5,1,0,0,0
718,26,9,8,0,0,0,0,5,1,0,0,0
180,34,27,0,0,2,0,0,6,0,0,1,1
343,22,15,0,0,0,0,0,5,0,1,0,1
341,37,30,0,1,3,1,0,8,0,0,0,1
479,35,28,0,0,2,0,0,6,0,0,1,1
208,37,30,0,1,3,1,0,8,0,0,0,1
987,29,12,8,0,0,0,0,5,1,0,0,0
637,21,13,0,0,0,0,0,4,1,0,0,0
778,27,10,8,0,0,0,0,5,1,0,0,0
145,25,12,5,1,2,0,0,7,0,0,0,1
774,27,10,8,0,0,0,0,5,1,0,0,0
773,26,10,7,0,0,0,0,5,1,0,0,0
457,29,15,6,1,2,0,0,7,0,0,0,1
951,30,13,8,0,0,0,0,5,1,0,0,0
284,32,25,0,0,2,0,0,6,0,0,1,1
914,23,10,4,0,0,0,0,5,1,0,0,0
413,31,24,0,0,2,0,0,6,0,0,1,1
91,26,12,6,1,2,0,0,7,0,0,1,1
523,25,12,4,0,0,0,0,5,1,0,0,0
394,28,14,6,1,2,0,0,7,0,0,1,1
332,27,13,6,1,2,0,0,7,0,0,1,1
330,30,23,0,0,2,0,0,6,0,0,1,1
16,36,29,0,1,3,1,0,8,0,0,0,1
47,36,29,0,1,3,1,0,8,0,0,0,1
270,24,17,0,0,0,0,0,5,0,1,1,1
432,30,23,0,0,2,0,0,6,0,0,1,1
557,29,13,7,0,0,0,0,5,1,0,0,0
798,25,12,4,0,0,0,0,5,1,0,0,0
999,18,10,0,0,0,0,0,4,1,0,0,0
371,37,30,0,1,3,1,0,8,0,0,0,1
402,25,18,0,0,0,0,0,5,0,1,0,1
624,25,9,7,0,0,0,0,5,1,0,0,0
782,26,9,8,0,0,0,0,5,1,0,0,0
22,24,10,6,1,0,0,0,5,0,0,1,1
615,26,10,7,0,0,0,0,5,1,0,0,0
755,25,9,8,0,0,0,0,5,0,0,0,0
634,26,10,7,0,0,0,0,5,1,0,0,0
813,27,10,8,0,0,0,0,5,1,0,0,0
631,27,11,8,0,0,0,0,5,0,0,0,0
309,23,16,0,0,0,0,0,5,0,1,0,1
412,36,29,0,1,3,1,0,8,0,0,0,1
977,23,10,4,0,0,0,0,5,1,0,0,0
811,26,13,4,0,0,0,0,5,1,0,0,0
177,28,14,6,1,2,0,0,7,0,0,1,1
313,28,14,6,1,2,0,0,7,0,0,1,1
287,26,11,7,1,2,0,0,7,0,0,1,1
408,24,17,0,0,0,0,0,5,0,1,1,1
566,27,11,7,0,0,0,0,5,1,0,0,0
733,30,13,8,0,0,0,0,5,1,0,0,0
844,30,13,8,0,0,0,0,5,1,0,0,0
766,30,17,4,0,0,0,0,5,1,0,0,0
79,35,28,0,1,3,1,0,8,0,0,0,1
216,23,16,0,0,0,0,0,5,0,1,1,1
833,24,11,4,0,0,0,0,5,1,0,0,0
924,21,13,0,0,0,0,0,4,1,0,0,0
71,28,14,6,1,2,0,0,7,0,0,0,1
881,26,11,7,0,0,0,0,5,0,0,0,0
561,17,9,0,0,0,0,0,4,1,0,0,0
105,26,13,5,1,0,0,0,5,0,0,0,1
737,19,11,0,0,0,0,0,4,1,0,0,0
328,31,24,0,0,2,0,0,6,0,0,1,1
445,27,20,0,0,0,0,0,5,0,1,1,1
555,26,10,7,0,0,0,0,5,1,0,0,0
269,24,17,0,0,0,0,0,5,0,1,1,1
224,24,10,6,1,0,0,0,5,0,0,1,1
621,25,12,4,0,0,0,0,5,1,0,0,0
380,36,29,0,1,3,1,0,8,0,0,0,1
248,27,13,6,1,2,0,0,7,0,0,1,1
863,21,13,0,0,0,0,0,4,1,0,0,0
891,25,9,7,0,0,0,0,5,1,0,0,0
414,23,16,0,0,0,0,0,5,0,1,1,1
579,23,10,4,0,0,0,0,5,1,0,0,0
589,27,11,8,0,0,0,0,5,0,0,0,0
372,24,10,6,1,0,0,0,5,0,0,1,1
400,24,9,7,1,0,0,0,5,0,0,1,1
41,34,27,0,0,2,0,0,6,0,0,1,1
860,23,10,4,0,0,0,0,5,1,0,0,0
353,25,18,0,0,0,0,0,5,0,1,0,1
556,27,10,8,0,0,0,0,5,1,0,0,0
193,28,14,6,1,2,0,0,7,0,0,1,1
471,27,13,6,1,2,0,0,7,0,0,1,1
219,27,12,7,1,0,0,0,5,0,0,1,1
470,23,16,0,0,0,0,0,5,0,1,0,1
956,24,11,4,0,0,0,0,5,1,0,0,0
365,29,22,0,0,2,0,0,6,0,0,1,1
625,27,13,5,0,0,0,0,5,1,0,0,0
348,34,27,0,1,3,1,0,8,0,0,0,1
302,27,13,6,1,2,0,0,7,0,0,1,1
204,36,29,0,1,3,1,0,8,0,0,0,1
930,23,10,4,0,0,0,0,5,1,0,0,0
175,23,16,0,0,0,0,0,5,0,1,1,1
521,25,12,4,0,0,0,0,5,1,0,0,0
227,36,29,0,1,3,1,0,8,0,0,0,1
6,29,22,0,0,2,0,0,6,0,0,1,1
428,24,10,6,1,0,0,0,5,0,0,1,1
488,29,14,7,1,2,0,0,7,0,0,1,1
130,22,15,0,0,0,0,0,5,0,1,0,1
699,27,10,8,0,0,0,0,5,1,0,0,0
31,23,16,0,0,0,0,0,5,0,1,1,1
55,27,13,6,1,2,0,0,7,0,0,1,1
404,24,9,7,1,0,0,0,5,0,0,1,1
2,34,27,0,0,2,0,0,6,0,0,1,1
993,24,11,4,0,0,0,0,5,1,0,0,0
853,24,11,4,0,0,0,0,5,1,0,0,0
494,23,16,0,0,0,0,0,5,0,1,1,1
104,27,20,0,0,0,0,0,5,0,1,1,1
961,27,11,7,0,0,0,0,5,1,0,0,0
168,33,26,0,0,2,0,0,6,0,0,1,1
691,23,10,4,0,0,0,0,5,1,0,0,0
182,22,15,0,0,0,0,0,5,0,1,1,1
423,30,23,0,0,2,0,0,6,0,0,1,1
620,27,10,8,0,0,0,0,5,1,0,0,0
836,26,13,4,0,0,0,0,5,1,0,0,0
599,25,11,5,0,0,0,0,5,1,0,0,0
938,26,10,7,0,0,0,0,5,1,0,0,0
327,35,28,0,1,3,1,0,8,0,0,0,1
704,27,10,8,0,0,0,0,5,1,0,0,0
448,28,13,7,1,2,0,0,7,0,0,1,1
913,30,13,8,0,0,0,0,5,1,0,0,0
981,24,11,4,0,0,0,0,5,1,0,0,0
40,29,14,7,1,2,0,0,7,0,0,1,1
495,35,28,0,1,3,1,0,8,0,0,0,1
135,31,24,0,0,2,0,0,6,0,0,1,1
980,30,13,8,0,0,0,0,5,1,0,0,0
602,29,13,7,0,0,0,0,5,1,0,0,0
477,24,17,0,0,0,0,0,5,0,1,0,1
486,33,26,0,0,2,0,0,6,0,0,1,1
399,37,30,0,1,3,1,0,8,0,0,0,1
17,25,18,0,0,0,0,0,5,0,1,1,1
456,23,16,0,0,0,0,0,5,0,1,1,1
834,21,13,0,0,0,0,0,4,1,0,0,0
275,31,24,0,0,2,0,0,6,0,0,1,1
492,34,27,0,0,2,0,0,6,0,0,1,1
654,23,10,4,0,0,0,0,5,1,0,0,0
507,30,13,8,0,0,0,0,5,1,0,0,0
906,24,10,5,0,0,0,0,5,1,0,0,0
198,37,30,0,1,3,1,0,8,0,0,0,1
945,25,12,4,0,0,0,0,5,1,0,0,0
937,30,13,8,0,0,0,0,5,1,0,0,0
915,24,11,4,0,0,0,0,5,1,0,0,0
804,21,13,0,0,0,0,0,4,1,0,0,0
548,25,11,5,0,0,0,0,5,1,0,0,0
286,36,29,0,1,3,1,0,8,0,0,0,1
617,24,11,4,0,0,0,0,5,1,0,0,0
293,36,29,0,1,3,1,0,8,0,0,0,1
37,22,15,0,0,0,0,0,5,0,1,0,1
63,27,13,6,1,2,0,0,7,0,0,1,1
973,29,12,8,0,0,0,0,5,1,0,0,0
868,26,13,4,0,0,0,0,5,1,0,0,0
808,28,11,8,0,0,0,0,5,1,0,0,0
531,27,11,7,0,0,0,0,5,1,0,0,0
577,27,13,5,0,0,0,0,5,1,0,0,0
338,23,9,6,1,0,0,0,5,0,0,0,1
167,27,13,6,1,2,0,0,7,0,0,0,1
700,27,13,5,0,0,0,0,5,1,0,0,0
158,28,14,6,1,2,0,0,7,0,0,1,1
701,23,9,5,0,0,0,0,5,1,0,0,0
979,25,11,5,0,0,0,0,5,1,0,0,0
619,27,11,7,0,0,0,0,5,1,0,0,0
169,24,17,0,0,0,0,0,5,0,1,1,1
605,30,17,4,0,0,0,0,5,1,0,0,0
880,30,13,8,0,0,0,0,5,1,0,0,0
776,20,12,0,0,0,0,0,4,1,0,0,0
290,23,16,0,0,0,0,0,5,0,1,0,1
743,30,13,8,0,0,0,0,5,1,0,0,0
562,30,13,8,0,0,0,0,5,1,0,0,0
451,31,24,0,0,2,0,0,6,0,0,1,1
195,23,16,0,0,0,0,0,5,0,1,1,1
443,34,27,0,1,3,1,0,8,0,0,0,1
299,24,10,6,1,0,0,0,5,0,0,1,1
713,24,11,4,0,0,0,0,5,1,0,0,0
933,18,10,0,0,0,0,0,4,1,0,0,0
661,26,9,8,0,0,0,0,5,1,0,0,0
187,27,20,0,0,0,0,0,5,0,1,1,1
261,34,27,0,1,3,1,0,8,0,0,0,1
890,26,10,7,0,0,0,0,5,1,0,0,0
230,30,15,7,1,2,0,0,7,0,0,1,1
150,34,27,0,1,3,1,0,8,0,0,0,1
685,25,9,8,0,0,0,0,5,0,0,0,0
518,23,9,5,0,0,0,0,5,1,0,0,0
538,26,9,8,0,0,0,0,5,1,0,0,0
817,33,17,7,0,0,0,0,5,1,0,0,0
598,22,9,4,0,0,0,0,5,1,0,0,0
138,32,25,0,0,2,0,0,6,0,0,1,1
707,28,11,8,0,0,0,0,5,1,0,0,0
444,24,10,6,1,0,0,0,5,0,0,1,1
157,27,12,7,1,2,0,0,7,0,0,1,1
101,35,28,0,1,3,1,0,8,0,0,0,1
506,21,9,4,0,0,0,0,5,0,0,0,0
131,28,13,7,1,0,0,0,5,0,0,1,1
217,28,14,6,1,2,0,0,7,0,0,0,1
879,27,10,8,0,0,0,0,5,1,0,0,0
784,23,10,4,0,0,0,0,5,1,0,0,0
111,36,29,0,1,3,1,0,8,0,0,0,1
516,24,11,4,0,0,0,0,5,1,0,0,0
816,27,10,8,0,0,0,0,5,1,0,0,0
74,27,12,7,1,2,0,0,7,0,0,1,1
264,25,10,7,1,0,0,0,5,0,0,1,1
336,31,24,0,0,2,0,0,6,0,0,1,1
539,28,11,8,0,0,0,0,5,1,0,0,0
723,26,12,5,0,0,0,0,5,1,0,0,0
129,34,27,0,1,3,1,0,8,0,0,0,1
759,24,12,4,0,0,0,0,5,0,0,0,0
962,27,10,8,0,0,0,0,5,1,0,0,0
642,23,10,4,0,0,0,0,5,1,0,0,0
546,26,13,4,0,0,0,0,5,1,0,0,0
118,23,10,5,1,0,0,0,5,0,0,0,1
417,27,12,7,1,2,0,0,7,0,0,1,1
682,24,11,4,0,0,0,0,5,1,0,0,0
425,35,28,0,1,3,1,0,8,0,0,0,1
573,29,12,8,0,0,0,0,5,1,0,0,0
222,27,13,6,1,2,0,0,7,0,0,1,1
159,34,27,0,1,3,1,0,8,0,0,0,1
922,24,11,4,0,0,0,0,5,1,0,0,0
33,23,16,0,0,0,0,0,5,0,1,1,1
59,30,23,0,0,2,0,0,6,0,0,1,1
98,28,14,6,1,2,0,0,7,0,0,1,1
667,23,9,5,0,0,0,0,5,1,0,0,0
886,27,13,5,0,0,0,0,5,1,0,0,0
242,24,9,7,1,0,0,0,5,0,0,1,1
663,26,13,4,0,0,0,0,5,1,0,0,0
314,23,9,6,1,0,0,0,5,0,0,0,1
387,23,16,0,0,0,0,0,5,0,1,1,1
181,36,29,0,1,3,1,0,8,0,0,0,1
787,25,10,7,0,0,0,0,5,0,0,0,0
407,25,18,0,0,0,0,0,5,0,1,0,1
711,26,13,4,0,0,0,0,5,1,0,0,0
530,25,12,4,0,0,0,0,5,1,0,0,0
627,28,11,8,0,0,0,0,5,1,0,0,0
911,26,10,7,0,0,0,0,5,1,0,0,0
238,23,16,0,0,0,0,0,5,0,1,1,1
789,28,11,8,0,0,0,0,5,1,0,0,0
806,24,17,0,0,0,0,0,4,0,0,0,0
876,26,9,8,0,0,0,0,5,1,0,0,0
81,25,12,5,1,0,0,0,5,0,0,0,1
904,27,11,7,0,0,0,0,5,1,0,0,0
466,23,16,0,0,0,0,0,5,0,1,1,1
878,26,13,4,0,0,0,0,5,1,0,0,0
668,19,11,0,0,0,0,0,4,1,0,0,0
855,30,13,8,0,0,0,0,5,1,0,0,0
690,26,10,7,0,0,0,0,5,1,0,0,0
889,23,10,4,0,0,0,0,5,1,0,0,0
960,22,9,4,0,0,0,0,5,1,0,0,0
877,26,13,4,0,0,0,0,5,1,0,0,0
669,23,9,5,0,0,0,0,5,1,0,0,0
861,26,13,4,0,0,0,0,5,1,0,0,0
770,25,11,5,0,0,0,0,5,1,0,0,0
671,28,11,8,0,0,0,0,5,1,0,0,0
226,26,19,0,0,0,0,0,5,0,1,0,1
398,27,12,7,1,2,0,0,7,0,0,1,1
106,23,9,6,1,0,0,0,5,0,0,1,1
715,22,9,4,0,0,0,0,5,1,0,0,0
750,21,13,0,0,0,0,0,4,1,0,0,0
146,24,17,0,0,0,0,0,5,0,1,1,1
946,24,11,4,0,0,0,0,5,1,0,0,0
697,26,9,8,0,0,0,0,5,1,0,0,0
929,25,17,0,0,0,0,0,4,1,0,0,0
424,28,14,6,1,2,0,0,7,0,0,0,1
411,26,19,0,0,0,0,0,5,0,1,1,1
3,23,16,0,0,0,0,0,5,0,1,1,1
722,24,11,4,0,0,0,0,5,1,0,0,0
745,27,10,8,0,0,0,0,5,1,0,0,0
587,18,10,0,0,0,0,0,4,1,0,0,0
437,27,13,6,1,2,0,0,7,0,0,1,1
921,29,12,8,0,0,0,0,5,1,0,0,0
376,29,15,6,1,2,0,0,7,0,0,0,1
368,23,16,0,0,0,0,0,5,0,1,1,1
15,26,19,0,0,0,0,0,5,0,1,1,1
807,25,9,7,0,0,0,0,5,1,0,0,0
462,27,13,6,1,0,0,0,5,0,0,1,1
560,28,13,7,0,0,0,0,5,0,0,0,0
726,27,10,8,0,0,0,0,5,1,0,0,0
122,35,28,0,1,3,1,0,8,0,0,0,1
686,26,13,4,0,0,0,0,5,1,0,0,0
644,24,11,4,0,0,0,0,5,1,0,0,0
551,26,10,7,0,0,0,0,5,1,0,0,0
567,24,11,4,0,0,0,0,5,1,0,0,0
